topic_id,domain,sub_domain,topic_name,year,paper_count,citation_count,influential_count,top_venues,trending_score,source,fetched_at
T0001,Artificial Intelligence,Deep Learning,deep learning,2015,57785,0,0,,0.661,CrossRef API,2026-07-24T14:23:30.355663
T0001,Artificial Intelligence,Deep Learning,deep learning,2016,69009,0,0,,0.661,CrossRef API,2026-07-24T14:23:30.355663
T0001,Artificial Intelligence,Deep Learning,deep learning,2017,83797,0,0,,0.661,CrossRef API,2026-07-24T14:23:30.355663
T0001,Artificial Intelligence,Deep Learning,deep learning,2018,104361,0,0,,0.661,CrossRef API,2026-07-24T14:23:30.355663
T0001,Artificial Intelligence,Deep Learning,deep learning,2019,134036,0,0,,0.661,CrossRef API,2026-07-24T14:23:30.355663
T0001,Artificial Intelligence,Deep Learning,deep learning,2020,167211,0,0,,0.661,CrossRef API,2026-07-24T14:23:30.355663
T0001,Artificial Intelligence,Deep Learning,deep learning,2021,207446,0,0,,0.661,CrossRef API,2026-07-24T14:23:30.355663
T0001,Artificial Intelligence,Deep Learning,deep learning,2022,244208,0,0,,0.661,CrossRef API,2026-07-24T14:23:30.355663
T0001,Artificial Intelligence,Deep Learning,deep learning,2023,291525,0,0,,0.661,CrossRef API,2026-07-24T14:23:30.355663
T0001,Artificial Intelligence,Deep Learning,deep learning,2024,334531,0,0,,0.661,CrossRef API,2026-07-24T14:23:30.355663
T0001,Artificial Intelligence,Deep Learning,deep learning,2025,401852,0,0,,0.661,CrossRef API,2026-07-24T14:23:30.355663
T0002,Artificial Intelligence,Generative AI,large language models,2015,87027,0,0,,0.4153,CrossRef API,2026-07-24T14:23:30.355663
T0002,Artificial Intelligence,Generative AI,large language models,2016,93786,0,0,,0.4153,CrossRef API,2026-07-24T14:23:30.355663
T0002,Artificial Intelligence,Generative AI,large language models,2017,102332,0,0,,0.4153,CrossRef API,2026-07-24T14:23:30.355663
T0002,Artificial Intelligence,Generative AI,large language models,2018,111680,0,0,,0.4153,CrossRef API,2026-07-24T14:23:30.355663
T0002,Artificial Intelligence,Generative AI,large language models,2019,123870,0,0,,0.4153,CrossRef API,2026-07-24T14:23:30.355663
T0002,Artificial Intelligence,Generative AI,large language models,2020,135869,0,0,,0.4153,CrossRef API,2026-07-24T14:23:30.355663
T0002,Artificial Intelligence,Generative AI,large language models,2021,155469,0,0,,0.4153,CrossRef API,2026-07-24T14:23:30.355663
T0002,Artificial Intelligence,Generative AI,large language models,2022,166554,0,0,,0.4153,CrossRef API,2026-07-24T14:23:30.355663
T0002,Artificial Intelligence,Generative AI,large language models,2023,195515,0,0,,0.4153,CrossRef API,2026-07-24T14:23:30.355663
T0002,Artificial Intelligence,Generative AI,large language models,2024,205215,0,0,,0.4153,CrossRef API,2026-07-24T14:23:30.355663
T0002,Artificial Intelligence,Generative AI,large language models,2025,247338,0,0,,0.4153,CrossRef API,2026-07-24T14:23:30.355663
T0003,Natural Language Processing,NLP,natural language processing,2015,203287,0,0,,0.3547,CrossRef API,2026-07-24T14:23:30.355663
T0003,Natural Language Processing,NLP,natural language processing,2016,246450,0,0,,0.3547,CrossRef API,2026-07-24T14:23:30.355663
T0003,Natural Language Processing,NLP,natural language processing,2017,285376,0,0,,0.3547,CrossRef API,2026-07-24T14:23:30.355663
T0003,Natural Language Processing,NLP,natural language processing,2018,351765,0,0,,0.3547,CrossRef API,2026-07-24T14:23:30.355663
T0003,Natural Language Processing,NLP,natural language processing,2019,418798,0,0,,0.3547,CrossRef API,2026-07-24T14:23:30.355663
T0003,Natural Language Processing,NLP,natural language processing,2020,461843,0,0,,0.3547,CrossRef API,2026-07-24T14:23:30.355663
T0003,Natural Language Processing,NLP,natural language processing,2021,511859,0,0,,0.3547,CrossRef API,2026-07-24T14:23:30.355663
T0003,Natural Language Processing,NLP,natural language processing,2022,580552,0,0,,0.3547,CrossRef API,2026-07-24T14:23:30.355663
T0003,Natural Language Processing,NLP,natural language processing,2023,613279,0,0,,0.3547,CrossRef API,2026-07-24T14:23:30.355663
T0003,Natural Language Processing,NLP,natural language processing,2024,683965,0,0,,0.3547,CrossRef API,2026-07-24T14:23:30.355663
T0003,Natural Language Processing,NLP,natural language processing,2025,808360,0,0,,0.3547,CrossRef API,2026-07-24T14:23:30.355663
T0004,Natural Language Processing,Large Language Models,transformer BERT GPT,2015,3150,0,0,,1.8245,CrossRef API,2026-07-24T14:23:30.355663
T0004,Natural Language Processing,Large Language Models,transformer BERT GPT,2016,3516,0,0,,1.8245,CrossRef API,2026-07-24T14:23:30.355663
T0004,Natural Language Processing,Large Language Models,transformer BERT GPT,2017,3722,0,0,,1.8245,CrossRef API,2026-07-24T14:23:30.355663
T0004,Natural Language Processing,Large Language Models,transformer BERT GPT,2018,4098,0,0,,1.8245,CrossRef API,2026-07-24T14:23:30.355663
T0004,Natural Language Processing,Large Language Models,transformer BERT GPT,2019,4420,0,0,,1.8245,CrossRef API,2026-07-24T14:23:30.355663
T0004,Natural Language Processing,Large Language Models,transformer BERT GPT,2020,5292,0,0,,1.8245,CrossRef API,2026-07-24T14:23:30.355663
T0004,Natural Language Processing,Large Language Models,transformer BERT GPT,2021,6919,0,0,,1.8245,CrossRef API,2026-07-24T14:23:30.355663
T0004,Natural Language Processing,Large Language Models,transformer BERT GPT,2022,9991,0,0,,1.8245,CrossRef API,2026-07-24T14:23:30.355663
T0004,Natural Language Processing,Large Language Models,transformer BERT GPT,2023,15405,0,0,,1.8245,CrossRef API,2026-07-24T14:23:30.355663
T0004,Natural Language Processing,Large Language Models,transformer BERT GPT,2024,20444,0,0,,1.8245,CrossRef API,2026-07-24T14:23:30.355663
T0004,Natural Language Processing,Large Language Models,transformer BERT GPT,2025,26861,0,0,,1.8245,CrossRef API,2026-07-24T14:23:30.355663
T0005,Computer Vision,Image Recognition,image recognition convolutional,2015,96314,0,0,,0.3559,CrossRef API,2026-07-24T14:23:30.355663
T0005,Computer Vision,Image Recognition,image recognition convolutional,2016,103929,0,0,,0.3559,CrossRef API,2026-07-24T14:23:30.355663
T0005,Computer Vision,Image Recognition,image recognition convolutional,2017,114010,0,0,,0.3559,CrossRef API,2026-07-24T14:23:30.355663
T0005,Computer Vision,Image Recognition,image recognition convolutional,2018,130737,0,0,,0.3559,CrossRef API,2026-07-24T14:23:30.355663
T0005,Computer Vision,Image Recognition,image recognition convolutional,2019,147935,0,0,,0.3559,CrossRef API,2026-07-24T14:23:30.355663
T0005,Computer Vision,Image Recognition,image recognition convolutional,2020,164745,0,0,,0.3559,CrossRef API,2026-07-24T14:23:30.355663
T0005,Computer Vision,Image Recognition,image recognition convolutional,2021,189041,0,0,,0.3559,CrossRef API,2026-07-24T14:23:30.355663
T0005,Computer Vision,Image Recognition,image recognition convolutional,2022,212178,0,0,,0.3559,CrossRef API,2026-07-24T14:23:30.355663
T0005,Computer Vision,Image Recognition,image recognition convolutional,2023,233882,0,0,,0.3559,CrossRef API,2026-07-24T14:23:30.355663
T0005,Computer Vision,Image Recognition,image recognition convolutional,2024,256288,0,0,,0.3559,CrossRef API,2026-07-24T14:23:30.355663
T0005,Computer Vision,Image Recognition,image recognition convolutional,2025,277215,0,0,,0.3559,CrossRef API,2026-07-24T14:23:30.355663
T0006,Computer Vision,Object Detection,object detection YOLO,2015,46101,0,0,,0.6301,CrossRef API,2026-07-24T14:23:30.355663
T0006,Computer Vision,Object Detection,object detection YOLO,2016,49576,0,0,,0.6301,CrossRef API,2026-07-24T14:23:30.355663
T0006,Computer Vision,Object Detection,object detection YOLO,2017,53497,0,0,,0.6301,CrossRef API,2026-07-24T14:23:30.355663
T0006,Computer Vision,Object Detection,object detection YOLO,2018,60342,0,0,,0.6301,CrossRef API,2026-07-24T14:23:30.355663
T0006,Computer Vision,Object Detection,object detection YOLO,2019,68521,0,0,,0.6301,CrossRef API,2026-07-24T14:23:30.355663
T0006,Computer Vision,Object Detection,object detection YOLO,2020,77705,0,0,,0.6301,CrossRef API,2026-07-24T14:23:30.355663
T0006,Computer Vision,Object Detection,object detection YOLO,2021,90043,0,0,,0.6301,CrossRef API,2026-07-24T14:23:30.355663
T0006,Computer Vision,Object Detection,object detection YOLO,2022,104306,0,0,,0.6301,CrossRef API,2026-07-24T14:23:30.355663
T0006,Computer Vision,Object Detection,object detection YOLO,2023,120514,0,0,,0.6301,CrossRef API,2026-07-24T14:23:30.355663
T0006,Computer Vision,Object Detection,object detection YOLO,2024,144217,0,0,,0.6301,CrossRef API,2026-07-24T14:23:30.355663
T0006,Computer Vision,Object Detection,object detection YOLO,2025,178743,0,0,,0.6301,CrossRef API,2026-07-24T14:23:30.355663
T0007,Machine Learning,Reinforcement Learning,reinforcement learning,2015,49482,0,0,,0.7104,CrossRef API,2026-07-24T14:23:30.355663
T0007,Machine Learning,Reinforcement Learning,reinforcement learning,2016,56808,0,0,,0.7104,CrossRef API,2026-07-24T14:23:30.355663
T0007,Machine Learning,Reinforcement Learning,reinforcement learning,2017,71705,0,0,,0.7104,CrossRef API,2026-07-24T14:23:30.355663
T0007,Machine Learning,Reinforcement Learning,reinforcement learning,2018,89030,0,0,,0.7104,CrossRef API,2026-07-24T14:23:30.355663
T0007,Machine Learning,Reinforcement Learning,reinforcement learning,2019,115481,0,0,,0.7104,CrossRef API,2026-07-24T14:23:30.355663
T0007,Machine Learning,Reinforcement Learning,reinforcement learning,2020,145330,0,0,,0.7104,CrossRef API,2026-07-24T14:23:30.355663
T0007,Machine Learning,Reinforcement Learning,reinforcement learning,2021,183400,0,0,,0.7104,CrossRef API,2026-07-24T14:23:30.355663
T0007,Machine Learning,Reinforcement Learning,reinforcement learning,2022,217059,0,0,,0.7104,CrossRef API,2026-07-24T14:23:30.355663
T0007,Machine Learning,Reinforcement Learning,reinforcement learning,2023,262851,0,0,,0.7104,CrossRef API,2026-07-24T14:23:30.355663
T0007,Machine Learning,Reinforcement Learning,reinforcement learning,2024,303621,0,0,,0.7104,CrossRef API,2026-07-24T14:23:30.355663
T0007,Machine Learning,Reinforcement Learning,reinforcement learning,2025,367057,0,0,,0.7104,CrossRef API,2026-07-24T14:23:30.355663
T0008,Machine Learning,Federated Learning,federated learning,2015,48723,0,0,,0.7182,CrossRef API,2026-07-24T14:23:30.355663
T0008,Machine Learning,Federated Learning,federated learning,2016,55875,0,0,,0.7182,CrossRef API,2026-07-24T14:23:30.355663
T0008,Machine Learning,Federated Learning,federated learning,2017,70505,0,0,,0.7182,CrossRef API,2026-07-24T14:23:30.355663
T0008,Machine Learning,Federated Learning,federated learning,2018,87620,0,0,,0.7182,CrossRef API,2026-07-24T14:23:30.355663
T0008,Machine Learning,Federated Learning,federated learning,2019,113834,0,0,,0.7182,CrossRef API,2026-07-24T14:23:30.355663
T0008,Machine Learning,Federated Learning,federated learning,2020,143356,0,0,,0.7182,CrossRef API,2026-07-24T14:23:30.355663
T0008,Machine Learning,Federated Learning,federated learning,2021,181319,0,0,,0.7182,CrossRef API,2026-07-24T14:23:30.355663
T0008,Machine Learning,Federated Learning,federated learning,2022,214809,0,0,,0.7182,CrossRef API,2026-07-24T14:23:30.355663
T0008,Machine Learning,Federated Learning,federated learning,2023,260603,0,0,,0.7182,CrossRef API,2026-07-24T14:23:30.355663
T0008,Machine Learning,Federated Learning,federated learning,2024,301249,0,0,,0.7182,CrossRef API,2026-07-24T14:23:30.355663
T0008,Machine Learning,Federated Learning,federated learning,2025,365111,0,0,,0.7182,CrossRef API,2026-07-24T14:23:30.355663
T0009,Cybersecurity,Malware Detection,malware detection intrusion,2015,41479,0,0,,0.6827,CrossRef API,2026-07-24T14:23:30.355663
T0009,Cybersecurity,Malware Detection,malware detection intrusion,2016,45007,0,0,,0.6827,CrossRef API,2026-07-24T14:23:30.355663
T0009,Cybersecurity,Malware Detection,malware detection intrusion,2017,48625,0,0,,0.6827,CrossRef API,2026-07-24T14:23:30.355663
T0009,Cybersecurity,Malware Detection,malware detection intrusion,2018,54711,0,0,,0.6827,CrossRef API,2026-07-24T14:23:30.355663
T0009,Cybersecurity,Malware Detection,malware detection intrusion,2019,62388,0,0,,0.6827,CrossRef API,2026-07-24T14:23:30.355663
T0009,Cybersecurity,Malware Detection,malware detection intrusion,2020,70647,0,0,,0.6827,CrossRef API,2026-07-24T14:23:30.355663
T0009,Cybersecurity,Malware Detection,malware detection intrusion,2021,81705,0,0,,0.6827,CrossRef API,2026-07-24T14:23:30.355663
T0009,Cybersecurity,Malware Detection,malware detection intrusion,2022,95978,0,0,,0.6827,CrossRef API,2026-07-24T14:23:30.355663
T0009,Cybersecurity,Malware Detection,malware detection intrusion,2023,112477,0,0,,0.6827,CrossRef API,2026-07-24T14:23:30.355663
T0009,Cybersecurity,Malware Detection,malware detection intrusion,2024,135609,0,0,,0.6827,CrossRef API,2026-07-24T14:23:30.355663
T0009,Cybersecurity,Malware Detection,malware detection intrusion,2025,169790,0,0,,0.6827,CrossRef API,2026-07-24T14:23:30.355663
T0010,Cybersecurity,Network Security,network intrusion detection,2015,80250,0,0,,0.5007,CrossRef API,2026-07-24T14:23:30.355663
T0010,Cybersecurity,Network Security,network intrusion detection,2016,88193,0,0,,0.5007,CrossRef API,2026-07-24T14:23:30.355663
T0010,Cybersecurity,Network Security,network intrusion detection,2017,96007,0,0,,0.5007,CrossRef API,2026-07-24T14:23:30.355663
T0010,Cybersecurity,Network Security,network intrusion detection,2018,112211,0,0,,0.5007,CrossRef API,2026-07-24T14:23:30.355663
T0010,Cybersecurity,Network Security,network intrusion detection,2019,127479,0,0,,0.5007,CrossRef API,2026-07-24T14:23:30.355663
T0010,Cybersecurity,Network Security,network intrusion detection,2020,146658,0,0,,0.5007,CrossRef API,2026-07-24T14:23:30.355663
T0010,Cybersecurity,Network Security,network intrusion detection,2021,169582,0,0,,0.5007,CrossRef API,2026-07-24T14:23:30.355663
T0010,Cybersecurity,Network Security,network intrusion detection,2022,194337,0,0,,0.5007,CrossRef API,2026-07-24T14:23:30.355663
T0010,Cybersecurity,Network Security,network intrusion detection,2023,219673,0,0,,0.5007,CrossRef API,2026-07-24T14:23:30.355663
T0010,Cybersecurity,Network Security,network intrusion detection,2024,250511,0,0,,0.5007,CrossRef API,2026-07-24T14:23:30.355663
T0010,Cybersecurity,Network Security,network intrusion detection,2025,296022,0,0,,0.5007,CrossRef API,2026-07-24T14:23:30.355663
T0011,Blockchain & Web3,Blockchain,blockchain smart contracts,2015,17670,0,0,,0.5014,CrossRef API,2026-07-24T14:23:30.355663
T0011,Blockchain & Web3,Blockchain,blockchain smart contracts,2016,21147,0,0,,0.5014,CrossRef API,2026-07-24T14:23:30.355663
T0011,Blockchain & Web3,Blockchain,blockchain smart contracts,2017,25503,0,0,,0.5014,CrossRef API,2026-07-24T14:23:30.355663
T0011,Blockchain & Web3,Blockchain,blockchain smart contracts,2018,32974,0,0,,0.5014,CrossRef API,2026-07-24T14:23:30.355663
T0011,Blockchain & Web3,Blockchain,blockchain smart contracts,2019,41777,0,0,,0.5014,CrossRef API,2026-07-24T14:23:30.355663
T0011,Blockchain & Web3,Blockchain,blockchain smart contracts,2020,47789,0,0,,0.5014,CrossRef API,2026-07-24T14:23:30.355663
T0011,Blockchain & Web3,Blockchain,blockchain smart contracts,2021,54603,0,0,,0.5014,CrossRef API,2026-07-24T14:23:30.355663
T0011,Blockchain & Web3,Blockchain,blockchain smart contracts,2022,62335,0,0,,0.5014,CrossRef API,2026-07-24T14:23:30.355663
T0011,Blockchain & Web3,Blockchain,blockchain smart contracts,2023,71561,0,0,,0.5014,CrossRef API,2026-07-24T14:23:30.355663
T0011,Blockchain & Web3,Blockchain,blockchain smart contracts,2024,77305,0,0,,0.5014,CrossRef API,2026-07-24T14:23:30.355663
T0011,Blockchain & Web3,Blockchain,blockchain smart contracts,2025,98448,0,0,,0.5014,CrossRef API,2026-07-24T14:23:30.355663
T0012,Healthcare & Medical Technology,Medical Imaging,medical image classification,2015,134678,0,0,,0.2244,CrossRef API,2026-07-24T14:23:30.355663
T0012,Healthcare & Medical Technology,Medical Imaging,medical image classification,2016,153945,0,0,,0.2244,CrossRef API,2026-07-24T14:23:30.355663
T0012,Healthcare & Medical Technology,Medical Imaging,medical image classification,2017,168825,0,0,,0.2244,CrossRef API,2026-07-24T14:23:30.355663
T0012,Healthcare & Medical Technology,Medical Imaging,medical image classification,2018,190122,0,0,,0.2244,CrossRef API,2026-07-24T14:23:30.355663
T0012,Healthcare & Medical Technology,Medical Imaging,medical image classification,2019,244933,0,0,,0.2244,CrossRef API,2026-07-24T14:23:30.355663
T0012,Healthcare & Medical Technology,Medical Imaging,medical image classification,2020,251574,0,0,,0.2244,CrossRef API,2026-07-24T14:23:30.355663
T0012,Healthcare & Medical Technology,Medical Imaging,medical image classification,2021,267135,0,0,,0.2244,CrossRef API,2026-07-24T14:23:30.355663
T0012,Healthcare & Medical Technology,Medical Imaging,medical image classification,2022,277226,0,0,,0.2244,CrossRef API,2026-07-24T14:23:30.355663
T0012,Healthcare & Medical Technology,Medical Imaging,medical image classification,2023,293984,0,0,,0.2244,CrossRef API,2026-07-24T14:23:30.355663
T0012,Healthcare & Medical Technology,Medical Imaging,medical image classification,2024,319619,0,0,,0.2244,CrossRef API,2026-07-24T14:23:30.355663
T0012,Healthcare & Medical Technology,Medical Imaging,medical image classification,2025,360971,0,0,,0.2244,CrossRef API,2026-07-24T14:23:30.355663
T0013,Healthcare & Medical Technology,Drug Discovery,drug discovery machine,2015,99987,0,0,,0.579,CrossRef API,2026-07-24T14:23:30.355663
T0013,Healthcare & Medical Technology,Drug Discovery,drug discovery machine,2016,109740,0,0,,0.579,CrossRef API,2026-07-24T14:23:30.355663
T0013,Healthcare & Medical Technology,Drug Discovery,drug discovery machine,2017,127880,0,0,,0.579,CrossRef API,2026-07-24T14:23:30.355663
T0013,Healthcare & Medical Technology,Drug Discovery,drug discovery machine,2018,149101,0,0,,0.579,CrossRef API,2026-07-24T14:23:30.355663
T0013,Healthcare & Medical Technology,Drug Discovery,drug discovery machine,2019,181187,0,0,,0.579,CrossRef API,2026-07-24T14:23:30.355663
T0013,Healthcare & Medical Technology,Drug Discovery,drug discovery machine,2020,217144,0,0,,0.579,CrossRef API,2026-07-24T14:23:30.355663
T0013,Healthcare & Medical Technology,Drug Discovery,drug discovery machine,2021,257552,0,0,,0.579,CrossRef API,2026-07-24T14:23:30.355663
T0013,Healthcare & Medical Technology,Drug Discovery,drug discovery machine,2022,294553,0,0,,0.579,CrossRef API,2026-07-24T14:23:30.355663
T0013,Healthcare & Medical Technology,Drug Discovery,drug discovery machine,2023,351096,0,0,,0.579,CrossRef API,2026-07-24T14:23:30.355663
T0013,Healthcare & Medical Technology,Drug Discovery,drug discovery machine,2024,395881,0,0,,0.579,CrossRef API,2026-07-24T14:23:30.355663
T0013,Healthcare & Medical Technology,Drug Discovery,drug discovery machine,2025,467688,0,0,,0.579,CrossRef API,2026-07-24T14:23:30.355663
T0014,Healthcare & Medical Technology,Clinical NLP,clinical natural language,2015,325558,0,0,,0.3101,CrossRef API,2026-07-24T14:23:30.355663
T0014,Healthcare & Medical Technology,Clinical NLP,clinical natural language,2016,380050,0,0,,0.3101,CrossRef API,2026-07-24T14:23:30.355663
T0014,Healthcare & Medical Technology,Clinical NLP,clinical natural language,2017,427959,0,0,,0.3101,CrossRef API,2026-07-24T14:23:30.355663
T0014,Healthcare & Medical Technology,Clinical NLP,clinical natural language,2018,506087,0,0,,0.3101,CrossRef API,2026-07-24T14:23:30.355663
T0014,Healthcare & Medical Technology,Clinical NLP,clinical natural language,2019,578319,0,0,,0.3101,CrossRef API,2026-07-24T14:23:30.355663
T0014,Healthcare & Medical Technology,Clinical NLP,clinical natural language,2020,645158,0,0,,0.3101,CrossRef API,2026-07-24T14:23:30.355663
T0014,Healthcare & Medical Technology,Clinical NLP,clinical natural language,2021,699971,0,0,,0.3101,CrossRef API,2026-07-24T14:23:30.355663
T0014,Healthcare & Medical Technology,Clinical NLP,clinical natural language,2022,771733,0,0,,0.3101,CrossRef API,2026-07-24T14:23:30.355663
T0014,Healthcare & Medical Technology,Clinical NLP,clinical natural language,2023,819644,0,0,,0.3101,CrossRef API,2026-07-24T14:23:30.355663
T0014,Healthcare & Medical Technology,Clinical NLP,clinical natural language,2024,900816,0,0,,0.3101,CrossRef API,2026-07-24T14:23:30.355663
T0014,Healthcare & Medical Technology,Clinical NLP,clinical natural language,2025,1052909,0,0,,0.3101,CrossRef API,2026-07-24T14:23:30.355663
T0015,Bioinformatics,Genomics ML,genomics deep learning,2015,78057,0,0,,0.6404,CrossRef API,2026-07-24T14:23:30.355663
T0015,Bioinformatics,Genomics ML,genomics deep learning,2016,75208,0,0,,0.6404,CrossRef API,2026-07-24T14:23:30.355663
T0015,Bioinformatics,Genomics ML,genomics deep learning,2017,89955,0,0,,0.6404,CrossRef API,2026-07-24T14:23:30.355663
T0015,Bioinformatics,Genomics ML,genomics deep learning,2018,111164,0,0,,0.6404,CrossRef API,2026-07-24T14:23:30.355663
T0015,Bioinformatics,Genomics ML,genomics deep learning,2019,141826,0,0,,0.6404,CrossRef API,2026-07-24T14:23:30.355663
T0015,Bioinformatics,Genomics ML,genomics deep learning,2020,175850,0,0,,0.6404,CrossRef API,2026-07-24T14:23:30.355663
T0015,Bioinformatics,Genomics ML,genomics deep learning,2021,216328,0,0,,0.6404,CrossRef API,2026-07-24T14:23:30.355663
T0015,Bioinformatics,Genomics ML,genomics deep learning,2022,252646,0,0,,0.6404,CrossRef API,2026-07-24T14:23:30.355663
T0015,Bioinformatics,Genomics ML,genomics deep learning,2023,300728,0,0,,0.6404,CrossRef API,2026-07-24T14:23:30.355663
T0015,Bioinformatics,Genomics ML,genomics deep learning,2024,344374,0,0,,0.6404,CrossRef API,2026-07-24T14:23:30.355663
T0015,Bioinformatics,Genomics ML,genomics deep learning,2025,412688,0,0,,0.6404,CrossRef API,2026-07-24T14:23:30.355663
T0016,Agriculture & AgriTech,Precision Agriculture,precision agriculture crop,2015,98338,0,0,,0.2842,CrossRef API,2026-07-24T14:23:30.355663
T0016,Agriculture & AgriTech,Precision Agriculture,precision agriculture crop,2016,113832,0,0,,0.2842,CrossRef API,2026-07-24T14:23:30.355663
T0016,Agriculture & AgriTech,Precision Agriculture,precision agriculture crop,2017,121113,0,0,,0.2842,CrossRef API,2026-07-24T14:23:30.355663
T0016,Agriculture & AgriTech,Precision Agriculture,precision agriculture crop,2018,134343,0,0,,0.2842,CrossRef API,2026-07-24T14:23:30.355663
T0016,Agriculture & AgriTech,Precision Agriculture,precision agriculture crop,2019,149266,0,0,,0.2842,CrossRef API,2026-07-24T14:23:30.355663
T0016,Agriculture & AgriTech,Precision Agriculture,precision agriculture crop,2020,177177,0,0,,0.2842,CrossRef API,2026-07-24T14:23:30.355663
T0016,Agriculture & AgriTech,Precision Agriculture,precision agriculture crop,2021,183654,0,0,,0.2842,CrossRef API,2026-07-24T14:23:30.355663
T0016,Agriculture & AgriTech,Precision Agriculture,precision agriculture crop,2022,192051,0,0,,0.2842,CrossRef API,2026-07-24T14:23:30.355663
T0016,Agriculture & AgriTech,Precision Agriculture,precision agriculture crop,2023,211221,0,0,,0.2842,CrossRef API,2026-07-24T14:23:30.355663
T0016,Agriculture & AgriTech,Precision Agriculture,precision agriculture crop,2024,231838,0,0,,0.2842,CrossRef API,2026-07-24T14:23:30.355663
T0016,Agriculture & AgriTech,Precision Agriculture,precision agriculture crop,2025,266970,0,0,,0.2842,CrossRef API,2026-07-24T14:23:30.355663
T0017,Finance & FinTech,Financial ML,financial machine learning,2015,114012,0,0,,0.6413,CrossRef API,2026-07-24T14:23:30.355663
T0017,Finance & FinTech,Financial ML,financial machine learning,2016,125882,0,0,,0.6413,CrossRef API,2026-07-24T14:23:30.355663
T0017,Finance & FinTech,Financial ML,financial machine learning,2017,147960,0,0,,0.6413,CrossRef API,2026-07-24T14:23:30.355663
T0017,Finance & FinTech,Financial ML,financial machine learning,2018,172258,0,0,,0.6413,CrossRef API,2026-07-24T14:23:30.355663
T0017,Finance & FinTech,Financial ML,financial machine learning,2019,210876,0,0,,0.6413,CrossRef API,2026-07-24T14:23:30.355663
T0017,Finance & FinTech,Financial ML,financial machine learning,2020,251084,0,0,,0.6413,CrossRef API,2026-07-24T14:23:30.355663
T0017,Finance & FinTech,Financial ML,financial machine learning,2021,301974,0,0,,0.6413,CrossRef API,2026-07-24T14:23:30.355663
T0017,Finance & FinTech,Financial ML,financial machine learning,2022,350121,0,0,,0.6413,CrossRef API,2026-07-24T14:23:30.355663
T0017,Finance & FinTech,Financial ML,financial machine learning,2023,415228,0,0,,0.6413,CrossRef API,2026-07-24T14:23:30.355663
T0017,Finance & FinTech,Financial ML,financial machine learning,2024,483447,0,0,,0.6413,CrossRef API,2026-07-24T14:23:30.355663
T0017,Finance & FinTech,Financial ML,financial machine learning,2025,583699,0,0,,0.6413,CrossRef API,2026-07-24T14:23:30.355663
T0018,Law & Legal Tech,Legal NLP,legal text analysis,2015,198893,0,0,,0.3993,CrossRef API,2026-07-24T14:23:30.355663
T0018,Law & Legal Tech,Legal NLP,legal text analysis,2016,218995,0,0,,0.3993,CrossRef API,2026-07-24T14:23:30.355663
T0018,Law & Legal Tech,Legal NLP,legal text analysis,2017,243984,0,0,,0.3993,CrossRef API,2026-07-24T14:23:30.355663
T0018,Law & Legal Tech,Legal NLP,legal text analysis,2018,271489,0,0,,0.3993,CrossRef API,2026-07-24T14:23:30.355663
T0018,Law & Legal Tech,Legal NLP,legal text analysis,2019,302671,0,0,,0.3993,CrossRef API,2026-07-24T14:23:30.355663
T0018,Law & Legal Tech,Legal NLP,legal text analysis,2020,356172,0,0,,0.3993,CrossRef API,2026-07-24T14:23:30.355663
T0018,Law & Legal Tech,Legal NLP,legal text analysis,2021,391309,0,0,,0.3993,CrossRef API,2026-07-24T14:23:30.355663
T0018,Law & Legal Tech,Legal NLP,legal text analysis,2022,418590,0,0,,0.3993,CrossRef API,2026-07-24T14:23:30.355663
T0018,Law & Legal Tech,Legal NLP,legal text analysis,2023,472558,0,0,,0.3993,CrossRef API,2026-07-24T14:23:30.355663
T0018,Law & Legal Tech,Legal NLP,legal text analysis,2024,537594,0,0,,0.3993,CrossRef API,2026-07-24T14:23:30.355663
T0018,Law & Legal Tech,Legal NLP,legal text analysis,2025,621561,0,0,,0.3993,CrossRef API,2026-07-24T14:23:30.355663
T0019,Education Technology,Learning Analytics,learning analytics intelligent,2015,78139,0,0,,0.6618,CrossRef API,2026-07-24T14:23:30.355663
T0019,Education Technology,Learning Analytics,learning analytics intelligent,2016,84553,0,0,,0.6618,CrossRef API,2026-07-24T14:23:30.355663
T0019,Education Technology,Learning Analytics,learning analytics intelligent,2017,103540,0,0,,0.6618,CrossRef API,2026-07-24T14:23:30.355663
T0019,Education Technology,Learning Analytics,learning analytics intelligent,2018,127407,0,0,,0.6618,CrossRef API,2026-07-24T14:23:30.355663
T0019,Education Technology,Learning Analytics,learning analytics intelligent,2019,157582,0,0,,0.6618,CrossRef API,2026-07-24T14:23:30.355663
T0019,Education Technology,Learning Analytics,learning analytics intelligent,2020,190712,0,0,,0.6618,CrossRef API,2026-07-24T14:23:30.355663
T0019,Education Technology,Learning Analytics,learning analytics intelligent,2021,232359,0,0,,0.6618,CrossRef API,2026-07-24T14:23:30.355663
T0019,Education Technology,Learning Analytics,learning analytics intelligent,2022,270246,0,0,,0.6618,CrossRef API,2026-07-24T14:23:30.355663
T0019,Education Technology,Learning Analytics,learning analytics intelligent,2023,323710,0,0,,0.6618,CrossRef API,2026-07-24T14:23:30.355663
T0019,Education Technology,Learning Analytics,learning analytics intelligent,2024,373184,0,0,,0.6618,CrossRef API,2026-07-24T14:23:30.355663
T0019,Education Technology,Learning Analytics,learning analytics intelligent,2025,455230,0,0,,0.6618,CrossRef API,2026-07-24T14:23:30.355663
T0020,Smart Cities,Urban Computing,smart city IoT,2015,164874,0,0,,0.4007,CrossRef API,2026-07-24T14:23:30.355663
T0020,Smart Cities,Urban Computing,smart city IoT,2016,188608,0,0,,0.4007,CrossRef API,2026-07-24T14:23:30.355663
T0020,Smart Cities,Urban Computing,smart city IoT,2017,212861,0,0,,0.4007,CrossRef API,2026-07-24T14:23:30.355663
T0020,Smart Cities,Urban Computing,smart city IoT,2018,241458,0,0,,0.4007,CrossRef API,2026-07-24T14:23:30.355663
T0020,Smart Cities,Urban Computing,smart city IoT,2019,272241,0,0,,0.4007,CrossRef API,2026-07-24T14:23:30.355663
T0020,Smart Cities,Urban Computing,smart city IoT,2020,301219,0,0,,0.4007,CrossRef API,2026-07-24T14:23:30.355663
T0020,Smart Cities,Urban Computing,smart city IoT,2021,329329,0,0,,0.4007,CrossRef API,2026-07-24T14:23:30.355663
T0020,Smart Cities,Urban Computing,smart city IoT,2022,357635,0,0,,0.4007,CrossRef API,2026-07-24T14:23:30.355663
T0020,Smart Cities,Urban Computing,smart city IoT,2023,401798,0,0,,0.4007,CrossRef API,2026-07-24T14:23:30.355663
T0020,Smart Cities,Urban Computing,smart city IoT,2024,455343,0,0,,0.4007,CrossRef API,2026-07-24T14:23:30.355663
T0020,Smart Cities,Urban Computing,smart city IoT,2025,527023,0,0,,0.4007,CrossRef API,2026-07-24T14:23:30.355663
T0021,Energy & Power Systems,Renewable Energy,solar wind energy,2015,191299,0,0,,0.5017,CrossRef API,2026-07-24T14:23:30.355663
T0021,Energy & Power Systems,Renewable Energy,solar wind energy,2016,208834,0,0,,0.5017,CrossRef API,2026-07-24T14:23:30.355663
T0021,Energy & Power Systems,Renewable Energy,solar wind energy,2017,238655,0,0,,0.5017,CrossRef API,2026-07-24T14:23:30.355663
T0021,Energy & Power Systems,Renewable Energy,solar wind energy,2018,270100,0,0,,0.5017,CrossRef API,2026-07-24T14:23:30.355663
T0021,Energy & Power Systems,Renewable Energy,solar wind energy,2019,312486,0,0,,0.5017,CrossRef API,2026-07-24T14:23:30.355663
T0021,Energy & Power Systems,Renewable Energy,solar wind energy,2020,359567,0,0,,0.5017,CrossRef API,2026-07-24T14:23:30.355663
T0021,Energy & Power Systems,Renewable Energy,solar wind energy,2021,419465,0,0,,0.5017,CrossRef API,2026-07-24T14:23:30.355663
T0021,Energy & Power Systems,Renewable Energy,solar wind energy,2022,472996,0,0,,0.5017,CrossRef API,2026-07-24T14:23:30.355663
T0021,Energy & Power Systems,Renewable Energy,solar wind energy,2023,540493,0,0,,0.5017,CrossRef API,2026-07-24T14:23:30.355663
T0021,Energy & Power Systems,Renewable Energy,solar wind energy,2024,621844,0,0,,0.5017,CrossRef API,2026-07-24T14:23:30.355663
T0021,Energy & Power Systems,Renewable Energy,solar wind energy,2025,717774,0,0,,0.5017,CrossRef API,2026-07-24T14:23:30.355663
T0022,Environmental Science,Climate ML,climate change machine,2015,100410,0,0,,0.582,CrossRef API,2026-07-24T14:23:30.355663
T0022,Environmental Science,Climate ML,climate change machine,2016,111619,0,0,,0.582,CrossRef API,2026-07-24T14:23:30.355663
T0022,Environmental Science,Climate ML,climate change machine,2017,131223,0,0,,0.582,CrossRef API,2026-07-24T14:23:30.355663
T0022,Environmental Science,Climate ML,climate change machine,2018,152559,0,0,,0.582,CrossRef API,2026-07-24T14:23:30.355663
T0022,Environmental Science,Climate ML,climate change machine,2019,187115,0,0,,0.582,CrossRef API,2026-07-24T14:23:30.355663
T0022,Environmental Science,Climate ML,climate change machine,2020,225365,0,0,,0.582,CrossRef API,2026-07-24T14:23:30.355663
T0022,Environmental Science,Climate ML,climate change machine,2021,271964,0,0,,0.582,CrossRef API,2026-07-24T14:23:30.355663
T0022,Environmental Science,Climate ML,climate change machine,2022,312020,0,0,,0.582,CrossRef API,2026-07-24T14:23:30.355663
T0022,Environmental Science,Climate ML,climate change machine,2023,367576,0,0,,0.582,CrossRef API,2026-07-24T14:23:30.355663
T0022,Environmental Science,Climate ML,climate change machine,2024,417597,0,0,,0.582,CrossRef API,2026-07-24T14:23:30.355663
T0022,Environmental Science,Climate ML,climate change machine,2025,495195,0,0,,0.582,CrossRef API,2026-07-24T14:23:30.355663
T0023,Automotive Engineering,Autonomous Driving,autonomous driving self-driving,2015,44881,0,0,,0.4446,CrossRef API,2026-07-24T14:23:30.355663
T0023,Automotive Engineering,Autonomous Driving,autonomous driving self-driving,2016,48618,0,0,,0.4446,CrossRef API,2026-07-24T14:23:30.355663
T0023,Automotive Engineering,Autonomous Driving,autonomous driving self-driving,2017,55278,0,0,,0.4446,CrossRef API,2026-07-24T14:23:30.355663
T0023,Automotive Engineering,Autonomous Driving,autonomous driving self-driving,2018,61310,0,0,,0.4446,CrossRef API,2026-07-24T14:23:30.355663
T0023,Automotive Engineering,Autonomous Driving,autonomous driving self-driving,2019,68750,0,0,,0.4446,CrossRef API,2026-07-24T14:23:30.355663
T0023,Automotive Engineering,Autonomous Driving,autonomous driving self-driving,2020,78461,0,0,,0.4446,CrossRef API,2026-07-24T14:23:30.355663
T0023,Automotive Engineering,Autonomous Driving,autonomous driving self-driving,2021,84950,0,0,,0.4446,CrossRef API,2026-07-24T14:23:30.355663
T0023,Automotive Engineering,Autonomous Driving,autonomous driving self-driving,2022,95883,0,0,,0.4446,CrossRef API,2026-07-24T14:23:30.355663
T0023,Automotive Engineering,Autonomous Driving,autonomous driving self-driving,2023,107012,0,0,,0.4446,CrossRef API,2026-07-24T14:23:30.355663
T0023,Automotive Engineering,Autonomous Driving,autonomous driving self-driving,2024,121686,0,0,,0.4446,CrossRef API,2026-07-24T14:23:30.355663
T0023,Automotive Engineering,Autonomous Driving,autonomous driving self-driving,2025,145887,0,0,,0.4446,CrossRef API,2026-07-24T14:23:30.355663
T0024,Robotics,Robot Learning,robot learning manipulation,2015,59405,0,0,,0.6776,CrossRef API,2026-07-24T14:23:30.355663
T0024,Robotics,Robot Learning,robot learning manipulation,2016,67131,0,0,,0.6776,CrossRef API,2026-07-24T14:23:30.355663
T0024,Robotics,Robot Learning,robot learning manipulation,2017,83577,0,0,,0.6776,CrossRef API,2026-07-24T14:23:30.355663
T0024,Robotics,Robot Learning,robot learning manipulation,2018,101795,0,0,,0.6776,CrossRef API,2026-07-24T14:23:30.355663
T0024,Robotics,Robot Learning,robot learning manipulation,2019,129000,0,0,,0.6776,CrossRef API,2026-07-24T14:23:30.355663
T0024,Robotics,Robot Learning,robot learning manipulation,2020,159309,0,0,,0.6776,CrossRef API,2026-07-24T14:23:30.355663
T0024,Robotics,Robot Learning,robot learning manipulation,2021,198533,0,0,,0.6776,CrossRef API,2026-07-24T14:23:30.355663
T0024,Robotics,Robot Learning,robot learning manipulation,2022,234204,0,0,,0.6776,CrossRef API,2026-07-24T14:23:30.355663
T0024,Robotics,Robot Learning,robot learning manipulation,2023,280672,0,0,,0.6776,CrossRef API,2026-07-24T14:23:30.355663
T0024,Robotics,Robot Learning,robot learning manipulation,2024,324163,0,0,,0.6776,CrossRef API,2026-07-24T14:23:30.355663
T0024,Robotics,Robot Learning,robot learning manipulation,2025,388353,0,0,,0.6776,CrossRef API,2026-07-24T14:23:30.355663
T0025,Manufacturing & Industry 4.0,Industry 4.0,predictive maintenance Industry,2015,34161,0,0,,0.4217,CrossRef API,2026-07-24T14:23:30.355663
T0025,Manufacturing & Industry 4.0,Industry 4.0,predictive maintenance Industry,2016,39423,0,0,,0.4217,CrossRef API,2026-07-24T14:23:30.355663
T0025,Manufacturing & Industry 4.0,Industry 4.0,predictive maintenance Industry,2017,44267,0,0,,0.4217,CrossRef API,2026-07-24T14:23:30.355663
T0025,Manufacturing & Industry 4.0,Industry 4.0,predictive maintenance Industry,2018,50631,0,0,,0.4217,CrossRef API,2026-07-24T14:23:30.355663
T0025,Manufacturing & Industry 4.0,Industry 4.0,predictive maintenance Industry,2019,57936,0,0,,0.4217,CrossRef API,2026-07-24T14:23:30.355663
T0025,Manufacturing & Industry 4.0,Industry 4.0,predictive maintenance Industry,2020,64418,0,0,,0.4217,CrossRef API,2026-07-24T14:23:30.355663
T0025,Manufacturing & Industry 4.0,Industry 4.0,predictive maintenance Industry,2021,72542,0,0,,0.4217,CrossRef API,2026-07-24T14:23:30.355663
T0025,Manufacturing & Industry 4.0,Industry 4.0,predictive maintenance Industry,2022,76216,0,0,,0.4217,CrossRef API,2026-07-24T14:23:30.355663
T0025,Manufacturing & Industry 4.0,Industry 4.0,predictive maintenance Industry,2023,87588,0,0,,0.4217,CrossRef API,2026-07-24T14:23:30.355663
T0025,Manufacturing & Industry 4.0,Industry 4.0,predictive maintenance Industry,2024,100415,0,0,,0.4217,CrossRef API,2026-07-24T14:23:30.355663
T0025,Manufacturing & Industry 4.0,Industry 4.0,predictive maintenance Industry,2025,115067,0,0,,0.4217,CrossRef API,2026-07-24T14:23:30.355663
T0026,Quantum Computing,Quantum ML,quantum computing machine,2015,121157,0,0,,0.5701,CrossRef API,2026-07-24T14:23:30.355663
T0026,Quantum Computing,Quantum ML,quantum computing machine,2016,132515,0,0,,0.5701,CrossRef API,2026-07-24T14:23:30.355663
T0026,Quantum Computing,Quantum ML,quantum computing machine,2017,155622,0,0,,0.5701,CrossRef API,2026-07-24T14:23:30.355663
T0026,Quantum Computing,Quantum ML,quantum computing machine,2018,179502,0,0,,0.5701,CrossRef API,2026-07-24T14:23:30.355663
T0026,Quantum Computing,Quantum ML,quantum computing machine,2019,211198,0,0,,0.5701,CrossRef API,2026-07-24T14:23:30.355663
T0026,Quantum Computing,Quantum ML,quantum computing machine,2020,240667,0,0,,0.5701,CrossRef API,2026-07-24T14:23:30.355663
T0026,Quantum Computing,Quantum ML,quantum computing machine,2021,284318,0,0,,0.5701,CrossRef API,2026-07-24T14:23:30.355663
T0026,Quantum Computing,Quantum ML,quantum computing machine,2022,325314,0,0,,0.5701,CrossRef API,2026-07-24T14:23:30.355663
T0026,Quantum Computing,Quantum ML,quantum computing machine,2023,382793,0,0,,0.5701,CrossRef API,2026-07-24T14:23:30.355663
T0026,Quantum Computing,Quantum ML,quantum computing machine,2024,435675,0,0,,0.5701,CrossRef API,2026-07-24T14:23:30.355663
T0026,Quantum Computing,Quantum ML,quantum computing machine,2025,516544,0,0,,0.5701,CrossRef API,2026-07-24T14:23:30.355663
T0027,GIS & Remote Sensing,Remote Sensing,remote sensing satellite,2015,87553,0,0,,0.5948,CrossRef API,2026-07-24T14:23:30.355663
T0027,GIS & Remote Sensing,Remote Sensing,remote sensing satellite,2016,104575,0,0,,0.5948,CrossRef API,2026-07-24T14:23:30.355663
T0027,GIS & Remote Sensing,Remote Sensing,remote sensing satellite,2017,118923,0,0,,0.5948,CrossRef API,2026-07-24T14:23:30.355663
T0027,GIS & Remote Sensing,Remote Sensing,remote sensing satellite,2018,144447,0,0,,0.5948,CrossRef API,2026-07-24T14:23:30.355663
T0027,GIS & Remote Sensing,Remote Sensing,remote sensing satellite,2019,175625,0,0,,0.5948,CrossRef API,2026-07-24T14:23:30.355663
T0027,GIS & Remote Sensing,Remote Sensing,remote sensing satellite,2020,212113,0,0,,0.5948,CrossRef API,2026-07-24T14:23:30.355663
T0027,GIS & Remote Sensing,Remote Sensing,remote sensing satellite,2021,257442,0,0,,0.5948,CrossRef API,2026-07-24T14:23:30.355663
T0027,GIS & Remote Sensing,Remote Sensing,remote sensing satellite,2022,301415,0,0,,0.5948,CrossRef API,2026-07-24T14:23:30.355663
T0027,GIS & Remote Sensing,Remote Sensing,remote sensing satellite,2023,350711,0,0,,0.5948,CrossRef API,2026-07-24T14:23:30.355663
T0027,GIS & Remote Sensing,Remote Sensing,remote sensing satellite,2024,401599,0,0,,0.5948,CrossRef API,2026-07-24T14:23:30.355663
T0027,GIS & Remote Sensing,Remote Sensing,remote sensing satellite,2025,477201,0,0,,0.5948,CrossRef API,2026-07-24T14:23:30.355663
T0028,Speech & Audio Processing,Speech Recognition,speech recognition synthesis,2015,78090,0,0,,0.2805,CrossRef API,2026-07-24T14:23:30.355663
T0028,Speech & Audio Processing,Speech Recognition,speech recognition synthesis,2016,80075,0,0,,0.2805,CrossRef API,2026-07-24T14:23:30.355663
T0028,Speech & Audio Processing,Speech Recognition,speech recognition synthesis,2017,79304,0,0,,0.2805,CrossRef API,2026-07-24T14:23:30.355663
T0028,Speech & Audio Processing,Speech Recognition,speech recognition synthesis,2018,82902,0,0,,0.2805,CrossRef API,2026-07-24T14:23:30.355663
T0028,Speech & Audio Processing,Speech Recognition,speech recognition synthesis,2019,89437,0,0,,0.2805,CrossRef API,2026-07-24T14:23:30.355663
T0028,Speech & Audio Processing,Speech Recognition,speech recognition synthesis,2020,95116,0,0,,0.2805,CrossRef API,2026-07-24T14:23:30.355663
T0028,Speech & Audio Processing,Speech Recognition,speech recognition synthesis,2021,101547,0,0,,0.2805,CrossRef API,2026-07-24T14:23:30.355663
T0028,Speech & Audio Processing,Speech Recognition,speech recognition synthesis,2022,107125,0,0,,0.2805,CrossRef API,2026-07-24T14:23:30.355663
T0028,Speech & Audio Processing,Speech Recognition,speech recognition synthesis,2023,116425,0,0,,0.2805,CrossRef API,2026-07-24T14:23:30.355663
T0028,Speech & Audio Processing,Speech Recognition,speech recognition synthesis,2024,130583,0,0,,0.2805,CrossRef API,2026-07-24T14:23:30.355663
T0028,Speech & Audio Processing,Speech Recognition,speech recognition synthesis,2025,141983,0,0,,0.2805,CrossRef API,2026-07-24T14:23:30.355663
T0029,AR/VR & Metaverse,XR Technology,augmented reality virtual,2015,14949,0,0,,0.1541,CrossRef API,2026-07-24T14:23:30.355663
T0029,AR/VR & Metaverse,XR Technology,augmented reality virtual,2016,17452,0,0,,0.1541,CrossRef API,2026-07-24T14:23:30.355663
T0029,AR/VR & Metaverse,XR Technology,augmented reality virtual,2017,19173,0,0,,0.1541,CrossRef API,2026-07-24T14:23:30.355663
T0029,AR/VR & Metaverse,XR Technology,augmented reality virtual,2018,22614,0,0,,0.1541,CrossRef API,2026-07-24T14:23:30.355663
T0029,AR/VR & Metaverse,XR Technology,augmented reality virtual,2019,26118,0,0,,0.1541,CrossRef API,2026-07-24T14:23:30.355663
T0029,AR/VR & Metaverse,XR Technology,augmented reality virtual,2020,34622,0,0,,0.1541,CrossRef API,2026-07-24T14:23:30.355663
T0029,AR/VR & Metaverse,XR Technology,augmented reality virtual,2021,50295,0,0,,0.1541,CrossRef API,2026-07-24T14:23:30.355663
T0029,AR/VR & Metaverse,XR Technology,augmented reality virtual,2022,47787,0,0,,0.1541,CrossRef API,2026-07-24T14:23:30.355663
T0029,AR/VR & Metaverse,XR Technology,augmented reality virtual,2023,46817,0,0,,0.1541,CrossRef API,2026-07-24T14:23:30.355663
T0029,AR/VR & Metaverse,XR Technology,augmented reality virtual,2024,49528,0,0,,0.1541,CrossRef API,2026-07-24T14:23:30.355663
T0029,AR/VR & Metaverse,XR Technology,augmented reality virtual,2025,56808,0,0,,0.1541,CrossRef API,2026-07-24T14:23:30.355663
T0030,Internet of Things,IoT ML,internet of things,2015,55801,0,0,,0.5335,CrossRef API,2026-07-24T14:23:30.355663
T0030,Internet of Things,IoT ML,internet of things,2016,61091,0,0,,0.5335,CrossRef API,2026-07-24T14:23:30.355663
T0030,Internet of Things,IoT ML,internet of things,2017,67930,0,0,,0.5335,CrossRef API,2026-07-24T14:23:30.355663
T0030,Internet of Things,IoT ML,internet of things,2018,77526,0,0,,0.5335,CrossRef API,2026-07-24T14:23:30.355663
T0030,Internet of Things,IoT ML,internet of things,2019,88560,0,0,,0.5335,CrossRef API,2026-07-24T14:23:30.355663
T0030,Internet of Things,IoT ML,internet of things,2020,101043,0,0,,0.5335,CrossRef API,2026-07-24T14:23:30.355663
T0030,Internet of Things,IoT ML,internet of things,2021,114064,0,0,,0.5335,CrossRef API,2026-07-24T14:23:30.355663
T0030,Internet of Things,IoT ML,internet of things,2022,129667,0,0,,0.5335,CrossRef API,2026-07-24T14:23:30.355663
T0030,Internet of Things,IoT ML,internet of things,2023,148777,0,0,,0.5335,CrossRef API,2026-07-24T14:23:30.355663
T0030,Internet of Things,IoT ML,internet of things,2024,174583,0,0,,0.5335,CrossRef API,2026-07-24T14:23:30.355663
T0030,Internet of Things,IoT ML,internet of things,2025,205350,0,0,,0.5335,CrossRef API,2026-07-24T14:23:30.355663
T0031,Databases & Big Data,Big Data,big data processing,2015,130397,0,0,,0.4512,CrossRef API,2026-07-24T14:23:30.355663
T0031,Databases & Big Data,Big Data,big data processing,2016,145417,0,0,,0.4512,CrossRef API,2026-07-24T14:23:30.355663
T0031,Databases & Big Data,Big Data,big data processing,2017,161816,0,0,,0.4512,CrossRef API,2026-07-24T14:23:30.355663
T0031,Databases & Big Data,Big Data,big data processing,2018,175293,0,0,,0.4512,CrossRef API,2026-07-24T14:23:30.355663
T0031,Databases & Big Data,Big Data,big data processing,2019,190806,0,0,,0.4512,CrossRef API,2026-07-24T14:23:30.355663
T0031,Databases & Big Data,Big Data,big data processing,2020,205276,0,0,,0.4512,CrossRef API,2026-07-24T14:23:30.355663
T0031,Databases & Big Data,Big Data,big data processing,2021,230786,0,0,,0.4512,CrossRef API,2026-07-24T14:23:30.355663
T0031,Databases & Big Data,Big Data,big data processing,2022,247832,0,0,,0.4512,CrossRef API,2026-07-24T14:23:30.355663
T0031,Databases & Big Data,Big Data,big data processing,2023,342197,0,0,,0.4512,CrossRef API,2026-07-24T14:23:30.355663
T0031,Databases & Big Data,Big Data,big data processing,2024,308426,0,0,,0.4512,CrossRef API,2026-07-24T14:23:30.355663
T0031,Databases & Big Data,Big Data,big data processing,2025,341852,0,0,,0.4512,CrossRef API,2026-07-24T14:23:30.355663
T0032,DevOps & Cloud Native,Cloud Native,cloud computing microservices,2015,53755,0,0,,0.3802,CrossRef API,2026-07-24T14:23:30.355663
T0032,DevOps & Cloud Native,Cloud Native,cloud computing microservices,2016,57596,0,0,,0.3802,CrossRef API,2026-07-24T14:23:30.355663
T0032,DevOps & Cloud Native,Cloud Native,cloud computing microservices,2017,63980,0,0,,0.3802,CrossRef API,2026-07-24T14:23:30.355663
T0032,DevOps & Cloud Native,Cloud Native,cloud computing microservices,2018,72066,0,0,,0.3802,CrossRef API,2026-07-24T14:23:30.355663
T0032,DevOps & Cloud Native,Cloud Native,cloud computing microservices,2019,74499,0,0,,0.3802,CrossRef API,2026-07-24T14:23:30.355663
T0032,DevOps & Cloud Native,Cloud Native,cloud computing microservices,2020,75666,0,0,,0.3802,CrossRef API,2026-07-24T14:23:30.355663
T0032,DevOps & Cloud Native,Cloud Native,cloud computing microservices,2021,80416,0,0,,0.3802,CrossRef API,2026-07-24T14:23:30.355663
T0032,DevOps & Cloud Native,Cloud Native,cloud computing microservices,2022,89916,0,0,,0.3802,CrossRef API,2026-07-24T14:23:30.355663
T0032,DevOps & Cloud Native,Cloud Native,cloud computing microservices,2023,99369,0,0,,0.3802,CrossRef API,2026-07-24T14:23:30.355663
T0032,DevOps & Cloud Native,Cloud Native,cloud computing microservices,2024,111909,0,0,,0.3802,CrossRef API,2026-07-24T14:23:30.355663
T0032,DevOps & Cloud Native,Cloud Native,cloud computing microservices,2025,128237,0,0,,0.3802,CrossRef API,2026-07-24T14:23:30.355663
T0033,Social Media Analytics,Social Media AI,social media sentiment,2015,305034,0,0,,0.3641,CrossRef API,2026-07-24T14:23:30.355663
T0033,Social Media Analytics,Social Media AI,social media sentiment,2016,327956,0,0,,0.3641,CrossRef API,2026-07-24T14:23:30.355663
T0033,Social Media Analytics,Social Media AI,social media sentiment,2017,375145,0,0,,0.3641,CrossRef API,2026-07-24T14:23:30.355663
T0033,Social Media Analytics,Social Media AI,social media sentiment,2018,415962,0,0,,0.3641,CrossRef API,2026-07-24T14:23:30.355663
T0033,Social Media Analytics,Social Media AI,social media sentiment,2019,463163,0,0,,0.3641,CrossRef API,2026-07-24T14:23:30.355663
T0033,Social Media Analytics,Social Media AI,social media sentiment,2020,536857,0,0,,0.3641,CrossRef API,2026-07-24T14:23:30.355663
T0033,Social Media Analytics,Social Media AI,social media sentiment,2021,593637,0,0,,0.3641,CrossRef API,2026-07-24T14:23:30.355663
T0033,Social Media Analytics,Social Media AI,social media sentiment,2022,633578,0,0,,0.3641,CrossRef API,2026-07-24T14:23:30.355663
T0033,Social Media Analytics,Social Media AI,social media sentiment,2023,708720,0,0,,0.3641,CrossRef API,2026-07-24T14:23:30.355663
T0033,Social Media Analytics,Social Media AI,social media sentiment,2024,790622,0,0,,0.3641,CrossRef API,2026-07-24T14:23:30.355663
T0033,Social Media Analytics,Social Media AI,social media sentiment,2025,907052,0,0,,0.3641,CrossRef API,2026-07-24T14:23:30.355663
T0034,Fashion & Textile Technology,Fashion AI,fashion recommendation virtual,2015,23447,0,0,,-0.0426,CrossRef API,2026-07-24T14:23:30.355663
T0034,Fashion & Textile Technology,Fashion AI,fashion recommendation virtual,2016,28231,0,0,,-0.0426,CrossRef API,2026-07-24T14:23:30.355663
T0034,Fashion & Textile Technology,Fashion AI,fashion recommendation virtual,2017,34786,0,0,,-0.0426,CrossRef API,2026-07-24T14:23:30.355663
T0034,Fashion & Textile Technology,Fashion AI,fashion recommendation virtual,2018,34330,0,0,,-0.0426,CrossRef API,2026-07-24T14:23:30.355663
T0034,Fashion & Textile Technology,Fashion AI,fashion recommendation virtual,2019,36731,0,0,,-0.0426,CrossRef API,2026-07-24T14:23:30.355663
T0034,Fashion & Textile Technology,Fashion AI,fashion recommendation virtual,2020,43341,0,0,,-0.0426,CrossRef API,2026-07-24T14:23:30.355663
T0034,Fashion & Textile Technology,Fashion AI,fashion recommendation virtual,2021,55273,0,0,,-0.0426,CrossRef API,2026-07-24T14:23:30.355663
T0034,Fashion & Textile Technology,Fashion AI,fashion recommendation virtual,2022,53864,0,0,,-0.0426,CrossRef API,2026-07-24T14:23:30.355663
T0034,Fashion & Textile Technology,Fashion AI,fashion recommendation virtual,2023,47640,0,0,,-0.0426,CrossRef API,2026-07-24T14:23:30.355663
T0034,Fashion & Textile Technology,Fashion AI,fashion recommendation virtual,2024,46453,0,0,,-0.0426,CrossRef API,2026-07-24T14:23:30.355663
T0034,Fashion & Textile Technology,Fashion AI,fashion recommendation virtual,2025,51887,0,0,,-0.0426,CrossRef API,2026-07-24T14:23:30.355663
T0035,Food Science & Nutrition,Food AI,food safety machine,2015,125815,0,0,,0.5399,CrossRef API,2026-07-24T14:23:30.355663
T0035,Food Science & Nutrition,Food AI,food safety machine,2016,141195,0,0,,0.5399,CrossRef API,2026-07-24T14:23:30.355663
T0035,Food Science & Nutrition,Food AI,food safety machine,2017,161720,0,0,,0.5399,CrossRef API,2026-07-24T14:23:30.355663
T0035,Food Science & Nutrition,Food AI,food safety machine,2018,189576,0,0,,0.5399,CrossRef API,2026-07-24T14:23:30.355663
T0035,Food Science & Nutrition,Food AI,food safety machine,2019,232737,0,0,,0.5399,CrossRef API,2026-07-24T14:23:30.355663
T0035,Food Science & Nutrition,Food AI,food safety machine,2020,269018,0,0,,0.5399,CrossRef API,2026-07-24T14:23:30.355663
T0035,Food Science & Nutrition,Food AI,food safety machine,2021,320364,0,0,,0.5399,CrossRef API,2026-07-24T14:23:30.355663
T0035,Food Science & Nutrition,Food AI,food safety machine,2022,363639,0,0,,0.5399,CrossRef API,2026-07-24T14:23:30.355663
T0035,Food Science & Nutrition,Food AI,food safety machine,2023,418782,0,0,,0.5399,CrossRef API,2026-07-24T14:23:30.355663
T0035,Food Science & Nutrition,Food AI,food safety machine,2024,478728,0,0,,0.5399,CrossRef API,2026-07-24T14:23:30.355663
T0035,Food Science & Nutrition,Food AI,food safety machine,2025,570078,0,0,,0.5399,CrossRef API,2026-07-24T14:23:30.355663
T0036,Mental Health & Psychology Technology,Mental Health AI,mental health depression,2015,159230,0,0,,0.2012,CrossRef API,2026-07-24T14:23:30.355663
T0036,Mental Health & Psychology Technology,Mental Health AI,mental health depression,2016,186452,0,0,,0.2012,CrossRef API,2026-07-24T14:23:30.355663
T0036,Mental Health & Psychology Technology,Mental Health AI,mental health depression,2017,206379,0,0,,0.2012,CrossRef API,2026-07-24T14:23:30.355663
T0036,Mental Health & Psychology Technology,Mental Health AI,mental health depression,2018,231747,0,0,,0.2012,CrossRef API,2026-07-24T14:23:30.355663
T0036,Mental Health & Psychology Technology,Mental Health AI,mental health depression,2019,265382,0,0,,0.2012,CrossRef API,2026-07-24T14:23:30.355663
T0036,Mental Health & Psychology Technology,Mental Health AI,mental health depression,2020,315029,0,0,,0.2012,CrossRef API,2026-07-24T14:23:30.355663
T0036,Mental Health & Psychology Technology,Mental Health AI,mental health depression,2021,347404,0,0,,0.2012,CrossRef API,2026-07-24T14:23:30.355663
T0036,Mental Health & Psychology Technology,Mental Health AI,mental health depression,2022,381104,0,0,,0.2012,CrossRef API,2026-07-24T14:23:30.355663
T0036,Mental Health & Psychology Technology,Mental Health AI,mental health depression,2023,372885,0,0,,0.2012,CrossRef API,2026-07-24T14:23:30.355663
T0036,Mental Health & Psychology Technology,Mental Health AI,mental health depression,2024,410216,0,0,,0.2012,CrossRef API,2026-07-24T14:23:30.355663
T0036,Mental Health & Psychology Technology,Mental Health AI,mental health depression,2025,470391,0,0,,0.2012,CrossRef API,2026-07-24T14:23:30.355663
T0037,Architecture & Construction Technology,Construction AI,building information modeling,2015,145769,0,0,,0.2923,CrossRef API,2026-07-24T14:23:30.355663
T0037,Architecture & Construction Technology,Construction AI,building information modeling,2016,161767,0,0,,0.2923,CrossRef API,2026-07-24T14:23:30.355663
T0037,Architecture & Construction Technology,Construction AI,building information modeling,2017,169516,0,0,,0.2923,CrossRef API,2026-07-24T14:23:30.355663
T0037,Architecture & Construction Technology,Construction AI,building information modeling,2018,182367,0,0,,0.2923,CrossRef API,2026-07-24T14:23:30.355663
T0037,Architecture & Construction Technology,Construction AI,building information modeling,2019,214547,0,0,,0.2923,CrossRef API,2026-07-24T14:23:30.355663
T0037,Architecture & Construction Technology,Construction AI,building information modeling,2020,212302,0,0,,0.2923,CrossRef API,2026-07-24T14:23:30.355663
T0037,Architecture & Construction Technology,Construction AI,building information modeling,2021,234545,0,0,,0.2923,CrossRef API,2026-07-24T14:23:30.355663
T0037,Architecture & Construction Technology,Construction AI,building information modeling,2022,246727,0,0,,0.2923,CrossRef API,2026-07-24T14:23:30.355663
T0037,Architecture & Construction Technology,Construction AI,building information modeling,2023,270044,0,0,,0.2923,CrossRef API,2026-07-24T14:23:30.355663
T0037,Architecture & Construction Technology,Construction AI,building information modeling,2024,293036,0,0,,0.2923,CrossRef API,2026-07-24T14:23:30.355663
T0037,Architecture & Construction Technology,Construction AI,building information modeling,2025,333200,0,0,,0.2923,CrossRef API,2026-07-24T14:23:30.355663
T0038,Journalism & Media Technology,Media AI,fake news detection,2015,55004,0,0,,0.5633,CrossRef API,2026-07-24T14:23:30.355663
T0038,Journalism & Media Technology,Media AI,fake news detection,2016,56444,0,0,,0.5633,CrossRef API,2026-07-24T14:23:30.355663
T0038,Journalism & Media Technology,Media AI,fake news detection,2017,60604,0,0,,0.5633,CrossRef API,2026-07-24T14:23:30.355663
T0038,Journalism & Media Technology,Media AI,fake news detection,2018,66928,0,0,,0.5633,CrossRef API,2026-07-24T14:23:30.355663
T0038,Journalism & Media Technology,Media AI,fake news detection,2019,75706,0,0,,0.5633,CrossRef API,2026-07-24T14:23:30.355663
T0038,Journalism & Media Technology,Media AI,fake news detection,2020,86115,0,0,,0.5633,CrossRef API,2026-07-24T14:23:30.355663
T0038,Journalism & Media Technology,Media AI,fake news detection,2021,98095,0,0,,0.5633,CrossRef API,2026-07-24T14:23:30.355663
T0038,Journalism & Media Technology,Media AI,fake news detection,2022,110888,0,0,,0.5633,CrossRef API,2026-07-24T14:23:30.355663
T0038,Journalism & Media Technology,Media AI,fake news detection,2023,127173,0,0,,0.5633,CrossRef API,2026-07-24T14:23:30.355663
T0038,Journalism & Media Technology,Media AI,fake news detection,2024,150402,0,0,,0.5633,CrossRef API,2026-07-24T14:23:30.355663
T0038,Journalism & Media Technology,Media AI,fake news detection,2025,183750,0,0,,0.5633,CrossRef API,2026-07-24T14:23:30.355663
T0039,Sports Analytics,Sports AI,sports analytics performance,2015,109116,0,0,,0.4614,CrossRef API,2026-07-24T14:23:30.355663
T0039,Sports Analytics,Sports AI,sports analytics performance,2016,121234,0,0,,0.4614,CrossRef API,2026-07-24T14:23:30.355663
T0039,Sports Analytics,Sports AI,sports analytics performance,2017,134646,0,0,,0.4614,CrossRef API,2026-07-24T14:23:30.355663
T0039,Sports Analytics,Sports AI,sports analytics performance,2018,146645,0,0,,0.4614,CrossRef API,2026-07-24T14:23:30.355663
T0039,Sports Analytics,Sports AI,sports analytics performance,2019,165794,0,0,,0.4614,CrossRef API,2026-07-24T14:23:30.355663
T0039,Sports Analytics,Sports AI,sports analytics performance,2020,187042,0,0,,0.4614,CrossRef API,2026-07-24T14:23:30.355663
T0039,Sports Analytics,Sports AI,sports analytics performance,2021,206047,0,0,,0.4614,CrossRef API,2026-07-24T14:23:30.355663
T0039,Sports Analytics,Sports AI,sports analytics performance,2022,228471,0,0,,0.4614,CrossRef API,2026-07-24T14:23:30.355663
T0039,Sports Analytics,Sports AI,sports analytics performance,2023,257384,0,0,,0.4614,CrossRef API,2026-07-24T14:23:30.355663
T0039,Sports Analytics,Sports AI,sports analytics performance,2024,298434,0,0,,0.4614,CrossRef API,2026-07-24T14:23:30.355663
T0039,Sports Analytics,Sports AI,sports analytics performance,2025,352499,0,0,,0.4614,CrossRef API,2026-07-24T14:23:30.355663
T0040,Marine & Ocean Engineering,Ocean AI,ocean monitoring underwater,2015,44123,0,0,,0.3789,CrossRef API,2026-07-24T14:23:30.355663
T0040,Marine & Ocean Engineering,Ocean AI,ocean monitoring underwater,2016,48415,0,0,,0.3789,CrossRef API,2026-07-24T14:23:30.355663
T0040,Marine & Ocean Engineering,Ocean AI,ocean monitoring underwater,2017,53682,0,0,,0.3789,CrossRef API,2026-07-24T14:23:30.355663
T0040,Marine & Ocean Engineering,Ocean AI,ocean monitoring underwater,2018,58807,0,0,,0.3789,CrossRef API,2026-07-24T14:23:30.355663
T0040,Marine & Ocean Engineering,Ocean AI,ocean monitoring underwater,2019,65921,0,0,,0.3789,CrossRef API,2026-07-24T14:23:30.355663
T0040,Marine & Ocean Engineering,Ocean AI,ocean monitoring underwater,2020,69696,0,0,,0.3789,CrossRef API,2026-07-24T14:23:30.355663
T0040,Marine & Ocean Engineering,Ocean AI,ocean monitoring underwater,2021,78037,0,0,,0.3789,CrossRef API,2026-07-24T14:23:30.355663
T0040,Marine & Ocean Engineering,Ocean AI,ocean monitoring underwater,2022,86256,0,0,,0.3789,CrossRef API,2026-07-24T14:23:30.355663
T0040,Marine & Ocean Engineering,Ocean AI,ocean monitoring underwater,2023,92211,0,0,,0.3789,CrossRef API,2026-07-24T14:23:30.355663
T0040,Marine & Ocean Engineering,Ocean AI,ocean monitoring underwater,2024,103542,0,0,,0.3789,CrossRef API,2026-07-24T14:23:30.355663
T0040,Marine & Ocean Engineering,Ocean AI,ocean monitoring underwater,2025,126895,0,0,,0.3789,CrossRef API,2026-07-24T14:23:30.355663
T0041,Disaster Management,Disaster AI,disaster prediction early,2015,60819,0,0,,0.3591,CrossRef API,2026-07-24T14:23:30.355663
T0041,Disaster Management,Disaster AI,disaster prediction early,2016,70148,0,0,,0.3591,CrossRef API,2026-07-24T14:23:30.355663
T0041,Disaster Management,Disaster AI,disaster prediction early,2017,78391,0,0,,0.3591,CrossRef API,2026-07-24T14:23:30.355663
T0041,Disaster Management,Disaster AI,disaster prediction early,2018,82816,0,0,,0.3591,CrossRef API,2026-07-24T14:23:30.355663
T0041,Disaster Management,Disaster AI,disaster prediction early,2019,98962,0,0,,0.3591,CrossRef API,2026-07-24T14:23:30.355663
T0041,Disaster Management,Disaster AI,disaster prediction early,2020,114623,0,0,,0.3591,CrossRef API,2026-07-24T14:23:30.355663
T0041,Disaster Management,Disaster AI,disaster prediction early,2021,124983,0,0,,0.3591,CrossRef API,2026-07-24T14:23:30.355663
T0041,Disaster Management,Disaster AI,disaster prediction early,2022,136631,0,0,,0.3591,CrossRef API,2026-07-24T14:23:30.355663
T0041,Disaster Management,Disaster AI,disaster prediction early,2023,152057,0,0,,0.3591,CrossRef API,2026-07-24T14:23:30.355663
T0041,Disaster Management,Disaster AI,disaster prediction early,2024,164721,0,0,,0.3591,CrossRef API,2026-07-24T14:23:30.355663
T0041,Disaster Management,Disaster AI,disaster prediction early,2025,194564,0,0,,0.3591,CrossRef API,2026-07-24T14:23:30.355663
T0042,Defense & Security,Defense AI,military surveillance AI,2015,18276,0,0,,1.7485,CrossRef API,2026-07-24T14:23:30.355663
T0042,Defense & Security,Defense AI,military surveillance AI,2016,20260,0,0,,1.7485,CrossRef API,2026-07-24T14:23:30.355663
T0042,Defense & Security,Defense AI,military surveillance AI,2017,22893,0,0,,1.7485,CrossRef API,2026-07-24T14:23:30.355663
T0042,Defense & Security,Defense AI,military surveillance AI,2018,25872,0,0,,1.7485,CrossRef API,2026-07-24T14:23:30.355663
T0042,Defense & Security,Defense AI,military surveillance AI,2019,31039,0,0,,1.7485,CrossRef API,2026-07-24T14:23:30.355663
T0042,Defense & Security,Defense AI,military surveillance AI,2020,37867,0,0,,1.7485,CrossRef API,2026-07-24T14:23:30.355663
T0042,Defense & Security,Defense AI,military surveillance AI,2021,43798,0,0,,1.7485,CrossRef API,2026-07-24T14:23:30.355663
T0042,Defense & Security,Defense AI,military surveillance AI,2022,49807,0,0,,1.7485,CrossRef API,2026-07-24T14:23:30.355663
T0042,Defense & Security,Defense AI,military surveillance AI,2023,66901,0,0,,1.7485,CrossRef API,2026-07-24T14:23:30.355663
T0042,Defense & Security,Defense AI,military surveillance AI,2024,106554,0,0,,1.7485,CrossRef API,2026-07-24T14:23:30.355663
T0042,Defense & Security,Defense AI,military surveillance AI,2025,187892,0,0,,1.7485,CrossRef API,2026-07-24T14:23:30.355663
T0043,Digital Forensics,Forensics AI,digital forensics malware,2015,207064,0,0,,0.4901,CrossRef API,2026-07-24T14:23:30.355663
T0043,Digital Forensics,Forensics AI,digital forensics malware,2016,227840,0,0,,0.4901,CrossRef API,2026-07-24T14:23:30.355663
T0043,Digital Forensics,Forensics AI,digital forensics malware,2017,251933,0,0,,0.4901,CrossRef API,2026-07-24T14:23:30.355663
T0043,Digital Forensics,Forensics AI,digital forensics malware,2018,283094,0,0,,0.4901,CrossRef API,2026-07-24T14:23:30.355663
T0043,Digital Forensics,Forensics AI,digital forensics malware,2019,318062,0,0,,0.4901,CrossRef API,2026-07-24T14:23:30.355663
T0043,Digital Forensics,Forensics AI,digital forensics malware,2020,374334,0,0,,0.4901,CrossRef API,2026-07-24T14:23:30.355663
T0043,Digital Forensics,Forensics AI,digital forensics malware,2021,422105,0,0,,0.4901,CrossRef API,2026-07-24T14:23:30.355663
T0043,Digital Forensics,Forensics AI,digital forensics malware,2022,465536,0,0,,0.4901,CrossRef API,2026-07-24T14:23:30.355663
T0043,Digital Forensics,Forensics AI,digital forensics malware,2023,531532,0,0,,0.4901,CrossRef API,2026-07-24T14:23:30.355663
T0043,Digital Forensics,Forensics AI,digital forensics malware,2024,614552,0,0,,0.4901,CrossRef API,2026-07-24T14:23:30.355663
T0043,Digital Forensics,Forensics AI,digital forensics malware,2025,734332,0,0,,0.4901,CrossRef API,2026-07-24T14:23:30.355663
